Image,Superpixel amount,Otsu JAC,Chan-vese JAC,JAC Product
ISIC_0009946.jpg,200,0.0,0.0386194776883036,0.0
ISIC_0009946.jpg,250,0.0,0.05606779405872209,0.0
ISIC_0009946.jpg,300,0.0,0.04823228353333683,0.0
ISIC_0009946.jpg,350,0.0,0.04743470038106338,0.0
ISIC_0009946.jpg,400,0.0,0.04962208632687034,0.0
ISIC_0009946.jpg,450,0.0,0.046621637779048306,0.0
ISIC_0009946.jpg,500,0.0,0.05012098243888301,0.0
ISIC_0009946.jpg,550,0.0,0.05193685661463063,0.0
ISIC_0009946.jpg,600,0.0,0.05045992172747166,0.0
ISIC_0009946.jpg,650,0.0,0.0491143951833607,0.0
ISIC_0009946.jpg,700,0.0,0.054736488300373,0.0
ISIC_0009946.jpg,750,0.0,0.050845647763353735,0.0
ISIC_0009946.jpg,800,0.0,0.05128311168186666,0.0
ISIC_0009946.jpg,850,0.0,0.05492217598006869,0.0
ISIC_0009946.jpg,900,0.0,0.054673225273311615,0.0
ISIC_0009946.jpg,950,0.0,0.05182959311692915,0.0
ISIC_0009946.jpg,1000,0.0,0.05375474953811831,0.0
ISIC_0009946.jpg,1050,0.0,0.05297016478110632,0.0
ISIC_0009946.jpg,1100,0.0,0.05297016478110632,0.0
ISIC_0009946.jpg,1150,0.0,0.0528706687716643,0.0
ISIC_0009946.jpg,1200,0.0,0.0536906183327135,0.0
ISIC_0009946.jpg,1250,0.0,0.052781445572941024,0.0
ISIC_0009946.jpg,1300,0.0,0.052781445572941024,0.0
ISIC_0009946.jpg,1350,0.0,0.05425274379321949,0.0
ISIC_0009946.jpg,1400,0.0,0.052947901994539796,0.0
ISIC_0009946.jpg,1450,0.0,0.05484286960057933,0.0
ISIC_0009946.jpg,1500,0.0,0.05484286960057933,0.0
ISIC_0009946.jpg,1550,0.0,0.05484286960057933,0.0
ISIC_0000003.jpg,200,0.8730448773200022,0.019644777270649172,0.017150772162232673
ISIC_0000003.jpg,250,0.8659362229054691,0.02097053704037157,0.018159147637038592
ISIC_0000003.jpg,300,0.8710059307618041,0.022783300757187923,0.019844390081840583
ISIC_0000003.jpg,350,0.8747513462754642,0.022159052470747113,0.01938366098097469
ISIC_0000003.jpg,400,0.8549767284939847,0.018706345478310595,0.015993490059124236
ISIC_0000003.jpg,450,0.8523313081100985,0.024024177327629334,0.02047655848792728
ISIC_0000003.jpg,500,0.841385922190478,0.020766230915689587,0.0174724143494179
ISIC_0000003.jpg,550,0.8520934227529113,0.022684174929494788,0.019329036257998995
ISIC_0000003.jpg,600,0.8732282558674643,0.023144332133096177,0.020210284781800883
ISIC_0000003.jpg,650,0.855886537878875,0.02177826945185571,0.018639727642142046
ISIC_0000003.jpg,700,0.8409010709134984,0.02090141916284578,0.017576025757648935
ISIC_0000003.jpg,750,0.8476715775584647,0.021572966033999177,0.018286790150655256
ISIC_0000003.jpg,800,0.8459727181036896,0.02253844230209806,0.019066907296129074
ISIC_0000003.jpg,850,0.8554081006443695,0.020648531000863703,0.0176629206845452
ISIC_0000003.jpg,900,0.8555039449509614,0.020169403083141215,0.017255003904933394
ISIC_0000003.jpg,950,0.870743419992789,0.022252533075761964,0.01937624675389163
ISIC_0000003.jpg,1000,0.8555950171056871,0.022366353003612907,0.01913654018071802
ISIC_0000003.jpg,1050,0.8550985889563493,0.020846888914405278,0.017826145294837715
ISIC_0000003.jpg,1100,0.8550985889563493,0.020846888914405278,0.017826145294837715
ISIC_0000003.jpg,1150,0.8578989556526309,0.02197973241066428,0.018856389480633166
ISIC_0000003.jpg,1200,0.8649859428277737,0.02132884931636177,0.018449154835344702
ISIC_0000003.jpg,1250,0.844781294588748,0.019517609609532985,0.01648811151321906
ISIC_0000003.jpg,1300,0.844781294588748,0.019517609609532985,0.01648811151321906
ISIC_0000003.jpg,1350,0.8512074626407684,0.021945861262148557,0.018680480880419806
ISIC_0000003.jpg,1400,0.8510770505385252,0.022120783381153895,0.018826491075634083
ISIC_0000003.jpg,1450,0.8541395776997871,0.021099727115809295,0.018022112008278097
ISIC_0000003.jpg,1500,0.8541395776997871,0.021099727115809295,0.018022112008278097
ISIC_0000003.jpg,1550,0.8506321151308723,0.0215648277964813,0.018343735080953917
ISIC_0010331.jpg,200,0.32485680677179035,0.3446233056349589,0.1119532266077115
ISIC_0010331.jpg,250,0.29459662654847213,0.5022668663770674,0.14796612446175628
ISIC_0010331.jpg,300,0.29084524116786725,0.3360333657638905,0.09773370530604887
ISIC_0010331.jpg,350,0.29381662716956713,0.5089124073462603,0.14952692705122306
ISIC_0010331.jpg,400,0.28592192335972366,0.33730368560523183,0.09644251854457142
ISIC_0010331.jpg,450,0.2946856303692458,0.33515028741184427,0.09876397371439323
ISIC_0010331.jpg,500,0.3148671417714533,0.3331071490918475,0.10488449593818738
ISIC_0010331.jpg,550,0.3099591697280393,0.33207963127835216,0.10293112679463146
ISIC_0010331.jpg,600,0.28964613979881193,0.3349227324950388,0.0970090765980581
ISIC_0010331.jpg,650,0.29505277587601436,0.3363441309901539,0.0992392694982507
ISIC_0010331.jpg,700,0.30030807780951535,0.3343294208864626,0.10040182574158202
ISIC_0010331.jpg,750,0.297765462327807,0.3309185992330555,0.09853612969350105
ISIC_0010331.jpg,800,0.2917757890366745,0.3384391791247294,0.09874835853004234
ISIC_0010331.jpg,850,0.31147772766042464,0.33633460066888826,0.10476073714992165
ISIC_0010331.jpg,900,0.29863143565938854,0.33683332404754124,0.10058901913824128
ISIC_0010331.jpg,950,0.3025829741982426,0.33136760057839937,0.10026619413594737
ISIC_0010331.jpg,1000,0.2950926252178821,0.33536446219667193,0.0989635795543991
ISIC_0010331.jpg,1050,0.2944462976610682,0.3344191424422554,0.0984684783591115
ISIC_0010331.jpg,1100,0.2944462976610682,0.3344191424422554,0.0984684783591115
ISIC_0010331.jpg,1150,0.3005941309142643,0.3360302439259313,0.10100871913382355
ISIC_0010331.jpg,1200,0.2988614180435818,0.33463506760684714,0.1000095108320922
ISIC_0010331.jpg,1250,0.29622151536019514,0.3347964890301059,0.09917392331777092
ISIC_0010331.jpg,1300,0.29622151536019514,0.3347964890301059,0.09917392331777092
ISIC_0010331.jpg,1350,0.29339596022267567,0.33203799133488615,0.09741860529810739
ISIC_0010331.jpg,1400,0.29476225333686357,0.3318007720610411,0.09780234323162351
ISIC_0010331.jpg,1450,0.29945509876334914,0.3327821613385031,0.09965331499030222
ISIC_0010331.jpg,1500,0.29945509876334914,0.3327821613385031,0.09965331499030222
ISIC_0010331.jpg,1550,0.29945509876334914,0.3327821613385031,0.09965331499030222
ISIC_0000165.jpg,200,0.7624758893739214,0.007919158855169282,0.0060381676911885635
ISIC_0000165.jpg,250,0.8403639730347482,0.010636776114989047,0.008938763436273308
ISIC_0000165.jpg,300,0.795878411694753,0.007768861900286754,0.006183069469876103
ISIC_0000165.jpg,350,0.7742234853977553,0.004811609699226085,0.0037252612317084646
ISIC_0000165.jpg,400,0.7938105458553281,0.005031077147485752,0.003993722096685932
ISIC_0000165.jpg,450,0.7751511899409743,0.005482780817508851,0.004249984074877534
ISIC_0000165.jpg,500,0.7654054210839267,0.003986310551960607,0.003051143706594709
ISIC_0000165.jpg,550,0.771177468710571,0.004299537678925985,0.003315706583859865
ISIC_0000165.jpg,600,0.7525560889301408,0.00576147184684141,0.004335830719540087
ISIC_0000165.jpg,650,0.7591257813293113,0.004688155654484857,0.003558899824204246
ISIC_0000165.jpg,700,0.7652527010369081,0.00364662204677525,0.0027905873709554983
ISIC_0000165.jpg,750,0.7723073799614253,0.0031440617800895404,0.0024281821158178077
ISIC_0000165.jpg,800,0.7780372137542964,0.004984200358103786,0.0038778933594122355
ISIC_0000165.jpg,850,0.782170463939205,0.004841925835397035,0.0037872113770317213
ISIC_0000165.jpg,900,0.7900629405110653,0.005220350529908158,0.004124405490157737
ISIC_0000165.jpg,950,0.7800675822661813,0.005136980798586005,0.0040071921917007826
ISIC_0000165.jpg,1000,0.7665801342943744,0.0037976616175820644,0.00291121195281065
ISIC_0000165.jpg,1050,0.7683193874443494,0.0038350710412740478,0.0029465594332372396
ISIC_0000165.jpg,1100,0.7758863191473936,0.004025772665277027,0.003123541934985985
ISIC_0000165.jpg,1150,0.7842008324510898,0.004642711986389946,0.003640818604557649
ISIC_0000165.jpg,1200,0.7842008324510898,0.004642711986389946,0.003640818604557649
ISIC_0000165.jpg,1250,0.7568810000290032,0.0044452730001896396,0.0033645426737854613
ISIC_0000165.jpg,1300,0.7424084225180545,0.004178807978951666,0.0031023822396593656
ISIC_0000165.jpg,1350,0.7698287239133903,0.004171983427776153,0.0032117126783927277
ISIC_0000165.jpg,1400,0.7698287239133903,0.004171983427776153,0.0032117126783927277
ISIC_0000165.jpg,1450,0.7698287239133903,0.004171983427776153,0.0032117126783927277
ISIC_0000165.jpg,1500,0.7880005220947602,0.004040183270684243,0.0031836665266577
ISIC_0000165.jpg,1550,0.7880005220947602,0.004040183270684243,0.0031836665266577
ISIC_0000550.jpg,200,0.7732938474444959,0.05720095872459753,0.04423314944965783
ISIC_0000550.jpg,250,0.759810350045395,0.04870217615593943,0.03700441751301683
ISIC_0000550.jpg,300,0.7833301999697363,0.055345653149783035,0.04335392154927521
ISIC_0000550.jpg,350,0.7625207494566164,0.05375196317725366,0.04098698724668391
ISIC_0000550.jpg,400,0.7811405358813065,0.05427185026861533,0.042393942202096205
ISIC_0000550.jpg,450,0.7574468085106383,0.049897109726401934,0.03779440651616827
ISIC_0000550.jpg,500,0.7576059095681998,0.053278521229768616,0.0403641225367275
ISIC_0000550.jpg,550,0.764002439393453,0.05512223406842115,0.042113521293090664
ISIC_0000550.jpg,600,0.7791406823184153,0.05459570116073085,0.04253773185402413
ISIC_0000550.jpg,650,0.7776743503560604,0.0545326236672505,0.042408622683640554
ISIC_0000550.jpg,700,0.7622467087615039,0.05286354848418379,0.04029506584552328
ISIC_0000550.jpg,750,0.7513594307355139,0.053589773245252985,0.04026518151879856
ISIC_0000550.jpg,800,0.7734817776636526,0.05417463677557023,0.04190309435745075
ISIC_0000550.jpg,850,0.7551044737795344,0.0538601350328911,0.0406700289217059
ISIC_0000550.jpg,900,0.7834452147756868,0.053553880314328756,0.04195653126493072
ISIC_0000550.jpg,950,0.7525346319453042,0.05401254254412598,0.040646308823873926
ISIC_0000550.jpg,1000,0.764038297521116,0.051863330793097816,0.03962557096293293
ISIC_0000550.jpg,1050,0.7632026632306345,0.051930136114824985,0.03963321818476378
ISIC_0000550.jpg,1100,0.757504195746476,0.05359359958636783,0.04059737655183023
ISIC_0000550.jpg,1150,0.757504195746476,0.05359359958636783,0.04059737655183023
ISIC_0000550.jpg,1200,0.7588567603011711,0.05281660796075917,0.040080240007198745
ISIC_0000550.jpg,1250,0.7541291807668675,0.052579393762106984,0.039651655143036285
ISIC_0000550.jpg,1300,0.7519051068785592,0.052419766184481666,0.03941468989549177
ISIC_0000550.jpg,1350,0.7519051068785592,0.052419766184481666,0.03941468989549177
ISIC_0000550.jpg,1400,0.7519051068785592,0.052419766184481666,0.03941468989549177
ISIC_0000550.jpg,1450,0.761993415200066,0.05255503258323566,0.04004658876405049
ISIC_0000550.jpg,1500,0.7577334715101935,0.05330926758234467,0.04039421638883585
ISIC_0000550.jpg,1550,0.7577334715101935,0.05330926758234467,0.04039421638883585
ISIC_0010854.jpg,200,0.151612817065679,0.13956002954457195,0.021159089229021943
ISIC_0010854.jpg,250,0.14981256023874337,0.14160074417460428,0.021213570016508792
ISIC_0010854.jpg,300,0.1425299329431052,0.14588718511797194,0.020793290712122915
ISIC_0010854.jpg,350,0.15045119339317603,0.13852745692714719,0.020841621212411083
ISIC_0010854.jpg,400,0.14839090153515205,0.14281974712497617,0.021193151032897654
ISIC_0010854.jpg,450,0.14710012574229256,0.1385326486066184,0.020378170029446398
ISIC_0010854.jpg,500,0.14698373042471513,0.1366329997105556,0.020082827996576482
ISIC_0010854.jpg,550,0.1456171276169993,0.1346130801375783,0.019601970069311095
ISIC_0010854.jpg,600,0.15020868253692016,0.13880455093545024,0.02084964872614281
ISIC_0010854.jpg,650,0.14959997584759835,0.13652458950052102,0.020424075291881224
ISIC_0010854.jpg,700,0.15212513796659852,0.13342158751211808,0.02029677740800356
ISIC_0010854.jpg,750,0.15201597433473,0.13509185590538275,0.020536120100143707
ISIC_0010854.jpg,800,0.1389356716033252,0.13715148851471845,0.01905523416818815
ISIC_0010854.jpg,850,0.14691590132325824,0.13730056123850495,0.02017163570654417
ISIC_0010854.jpg,900,0.14975284994439497,0.1362148792736815,0.0203985663760655
ISIC_0010854.jpg,950,0.143422955904502,0.13694704552793024,0.019641350072004165
ISIC_0010854.jpg,1000,0.14128427695993803,0.13543699985101273,0.01913511859757357
ISIC_0010854.jpg,1050,0.14910873682588877,0.13532184244824555,0.020177668992409827
ISIC_0010854.jpg,1100,0.14910873682588877,0.13532184244824555,0.020177668992409827
ISIC_0010854.jpg,1150,0.14435890385849143,0.13897689201089103,0.020062551792352164
ISIC_0010854.jpg,1200,0.1421325967186612,0.13789942345136208,0.01960000314114834
ISIC_0010854.jpg,1250,0.1421363715016894,0.1344420960351069,0.01910911170751176
ISIC_0010854.jpg,1300,0.1421363715016894,0.1344420960351069,0.01910911170751176
ISIC_0010854.jpg,1350,0.1458507757465353,0.13517192954096555,0.019714930782705836
ISIC_0010854.jpg,1400,0.14422638762733997,0.1341748350980842,0.019351551776690713
ISIC_0010854.jpg,1450,0.14415733003888825,0.13490513357606876,0.01944756386486565
ISIC_0010854.jpg,1500,0.14415733003888825,0.13490513357606876,0.01944756386486565
ISIC_0010854.jpg,1550,0.14415733003888825,0.13490513357606876,0.01944756386486565
ISIC_0010847.jpg,200,0.125336575057658,0.4041675695196822,0.050656978912974854
ISIC_0010847.jpg,250,0.15238364228270726,0.18345944369145828,0.027956218240863653
ISIC_0010847.jpg,300,0.147248328741861,0.4129974613065617,0.06081318595202261
ISIC_0010847.jpg,350,0.15364335788973385,0.17771711635373594,0.027305054511068523
ISIC_0010847.jpg,400,0.15203396305238417,0.18297548347799605,0.027818487894585783
ISIC_0010847.jpg,450,0.14704069339338946,0.17941323613493426,0.02638104664523265
ISIC_0010847.jpg,500,0.14865152280504526,0.4068661208916284,0.0604812684483222
ISIC_0010847.jpg,550,0.14948139684407213,0.40834173991976597,0.06103949367294543
ISIC_0010847.jpg,600,0.14973491633267197,0.18202381186165625,0.027255320239659122
ISIC_0010847.jpg,650,0.15264935402512322,0.4120591249407904,0.06290055924236919
ISIC_0010847.jpg,700,0.15758010298622815,0.40736163256507446,0.06419208801224247
ISIC_0010847.jpg,750,0.14820109512460758,0.40882960898369525,0.06058899577074874
ISIC_0010847.jpg,800,0.1545812731621763,0.40475467371595236,0.06256749278135317
ISIC_0010847.jpg,850,0.14786989984937074,0.40670261582121575,0.060139075069960274
ISIC_0010847.jpg,900,0.14671259491472927,0.4052099889550389,0.05944940896496254
ISIC_0010847.jpg,950,0.15440371219220303,0.18335794662355304,0.02831114761861641
ISIC_0010847.jpg,1000,0.1542034528632763,0.1800514756533829,0.02776455923887977
ISIC_0010847.jpg,1050,0.15207465510534723,0.18370268845924861,0.027936522989365286
ISIC_0010847.jpg,1100,0.15207465510534723,0.18370268845924861,0.027936522989365286
ISIC_0010847.jpg,1150,0.1535842921178317,0.18426860815914123,0.028300763743659814
ISIC_0010847.jpg,1200,0.15457558495011706,0.18483608540657379,0.028571146021610937
ISIC_0010847.jpg,1250,0.15033116686791448,0.18390831494328183,0.02764715158213547
ISIC_0010847.jpg,1300,0.15033116686791448,0.18390831494328183,0.02764715158213547
ISIC_0010847.jpg,1350,0.15076071135098618,0.18532451084101523,0.027939655085165004
ISIC_0010847.jpg,1400,0.149748291198989,0.1846190959695248,0.027646394144138497
ISIC_0010847.jpg,1450,0.1495990234463576,0.18556193867400925,0.027759884814444677
ISIC_0010847.jpg,1500,0.1495990234463576,0.18556193867400925,0.027759884814444677
ISIC_0010847.jpg,1550,0.1495990234463576,0.18556193867400925,0.027759884814444677
ISIC_0010604.jpg,200,0.39394948834299504,0.4181198439632893,0.16471809859539074
ISIC_0010604.jpg,250,0.38017356339459285,0.4265955546482252,0.16218035213890852
ISIC_0010604.jpg,300,0.37213986256953974,0.41572903982805215,0.15470934774777803
ISIC_0010604.jpg,350,0.36288789084290546,0.42966959300248475,0.1559218923640013
ISIC_0010604.jpg,400,0.3634611741142718,0.4169749283484743,0.15155419703375084
ISIC_0010604.jpg,450,0.3648092800685004,0.4228024238396042,0.15424224785214297
ISIC_0010604.jpg,500,0.36827654115263353,0.4227759182506213,0.15569845285596737
ISIC_0010604.jpg,550,0.36558290499972323,0.4148324755746626,0.15165566150881188
ISIC_0010604.jpg,600,0.36698338736639824,0.4209474503071434,0.1544807212169641
ISIC_0010604.jpg,650,0.36550236062823827,0.42075817743539967,0.15378810710627372
ISIC_0010604.jpg,700,0.3616361342731244,0.4198285970339881,0.15182519088868077
ISIC_0010604.jpg,750,0.3631481991691382,0.4245755290716153,0.15418383879364117
ISIC_0010604.jpg,800,0.3664565773427298,0.4322589207435271,0.15840412462153525
ISIC_0010604.jpg,850,0.3673674959437534,0.4224058301705427,0.15517817210179463
ISIC_0010604.jpg,900,0.37071718048334723,0.4199353506089383,0.15567724916303147
ISIC_0010604.jpg,950,0.36531053934110386,0.4217684156334463,0.15407644739209714
ISIC_0010604.jpg,1000,0.36313874771363586,0.4195343675062564,0.15234918483905424
ISIC_0010604.jpg,1050,0.360856628457126,0.42668587703132854,0.15397242699579708
ISIC_0010604.jpg,1100,0.360856628457126,0.42668587703132854,0.15397242699579708
ISIC_0010604.jpg,1150,0.3648514804660634,0.41853392591956623,0.15270272249702746
ISIC_0010604.jpg,1200,0.3635179417189727,0.416049415836139,0.15124142729813422
ISIC_0010604.jpg,1250,0.3608787119354455,0.42085385658108415,0.15187719767604638
ISIC_0010604.jpg,1300,0.3608787119354455,0.42085385658108415,0.15187719767604638
ISIC_0010604.jpg,1350,0.3649869135565835,0.4285873319250243,0.1564287674687656
ISIC_0010604.jpg,1400,0.3690879917086475,0.42905376413293,0.15835859213885886
ISIC_0010604.jpg,1450,0.3713068607455859,0.42566660941626056,0.15805293246656915
ISIC_0010604.jpg,1500,0.3713068607455859,0.42566660941626056,0.15805293246656915
ISIC_0010604.jpg,1550,0.3713068607455859,0.42566660941626056,0.15805293246656915
ISIC_0001100.jpg,200,0.38297449890065716,0.3331891549521732,0.12760294965694194
ISIC_0001100.jpg,250,0.4006312555655615,0.3420234687977745,0.13702529173734104
ISIC_0001100.jpg,300,0.4157676842212205,0.3298722407321838,0.13715021761808502
ISIC_0001100.jpg,350,0.4447015577334059,0.32747749207152504,0.14562975084683627
ISIC_0001100.jpg,400,0.41296110897189064,0.3362500704434792,0.13885820198221552
ISIC_0001100.jpg,450,0.4024626743906525,0.3343056014279966,0.13454552641448703
ISIC_0001100.jpg,500,0.4032741989956377,0.33896897550659,0.13669744208179202
ISIC_0001100.jpg,550,0.42479846796755083,0.3287363732872282,0.13964670773762344
ISIC_0001100.jpg,600,0.4067973250730973,0.3393914127068482,0.13806351884192544
ISIC_0001100.jpg,650,0.40647399958036295,0.3300338898397431,0.13415019520022528
ISIC_0001100.jpg,700,0.40759850978240997,0.3342735143181729,0.13624938629581637
ISIC_0001100.jpg,750,0.40152762024429134,0.3296817820370306,0.13237634137922605
ISIC_0001100.jpg,800,0.4062071927340979,0.33563154004937773,0.13633594567647966
ISIC_0001100.jpg,850,0.38636193683998854,0.3324110560327453,0.12843097943583742
ISIC_0001100.jpg,900,0.4154580250289386,0.3280735874236681,0.13630080469519598
ISIC_0001100.jpg,950,0.39450878299833764,0.33171489609632937,0.13086443996138292
ISIC_0001100.jpg,1000,0.4241523846248003,0.3315793674646051,0.14064017940249518
ISIC_0001100.jpg,1050,0.40014197394940215,0.33522783954803265,0.13413872943954325
ISIC_0001100.jpg,1100,0.4100488316203917,0.3299187205237729,0.13528278588046763
ISIC_0001100.jpg,1150,0.3977279603170104,0.33589936541627835,0.13359656947879453
ISIC_0001100.jpg,1200,0.4020892039800047,0.33268800763214734,0.13377025616250385
ISIC_0001100.jpg,1250,0.4051340850786528,0.3339254856863723,0.1352845961279932
ISIC_0001100.jpg,1300,0.40240102365779856,0.33208546877353956,0.1336315325763522
ISIC_0001100.jpg,1350,0.40690719709981704,0.3298215452466514,0.1342067605194454
ISIC_0001100.jpg,1400,0.40237265124671107,0.3368787063006397,0.1355507782027505
ISIC_0001100.jpg,1450,0.4071552427102567,0.33639196254123244,0.13696375115425508
ISIC_0001100.jpg,1500,0.4002192115235512,0.33388825451952703,0.1336284939607799
ISIC_0001100.jpg,1550,0.41052777375548516,0.3349842727799623,0.13752034774745808
ISIC_0011321.jpg,200,0.28698744877709337,0.2631769070554543,0.07552846913289106
ISIC_0011321.jpg,250,0.2824960595593414,0.25015778055354676,0.0706685872744874
ISIC_0011321.jpg,300,0.29899604260179014,0.24716609404678877,0.07390168398533173
ISIC_0011321.jpg,350,0.2847895582754906,0.23761963404346098,0.06767159061682097
ISIC_0011321.jpg,400,0.29905414579549,0.243764125086153,0.07289867220322446
ISIC_0011321.jpg,450,0.30354129922520634,0.24570516661806505,0.07458166550159326
ISIC_0011321.jpg,500,0.2892274567623862,0.25353513358921276,0.07332932188791984
ISIC_0011321.jpg,550,0.27585668461603663,0.24923282534368776,0.06875254089679741
ISIC_0011321.jpg,600,0.28957598283462166,0.24657326207355612,0.07140169470568876
ISIC_0011321.jpg,650,0.28925089451335834,0.2450852620924058,0.07089113129226925
ISIC_0011321.jpg,700,0.290678122731965,0.24857463857483228,0.07225520929970894
ISIC_0011321.jpg,750,0.29547709102439246,0.2452124980349506,0.07245467560219175
ISIC_0011321.jpg,800,0.2934970099880583,0.25062037123014413,0.07355632959814448
ISIC_0011321.jpg,850,0.29126891945845884,0.24470551116205097,0.07127510982170042
ISIC_0011321.jpg,900,0.29116535982984665,0.24565524475749492,0.07152629773390506
ISIC_0011321.jpg,950,0.29885396172014544,0.2437328595156244,0.072840530667624
ISIC_0011321.jpg,1000,0.2912859290302009,0.2510391814051729,0.07312418117858692
ISIC_0011321.jpg,1050,0.2914054637114063,0.24768815368058822,0.07217768127911388
ISIC_0011321.jpg,1100,0.2914054637114063,0.24768815368058822,0.07217768127911388
ISIC_0011321.jpg,1150,0.2981117873305244,0.24522866054845055,0.07310555430076905
ISIC_0011321.jpg,1200,0.3008727733267256,0.24536461986986827,0.07382353365650506
ISIC_0011321.jpg,1250,0.292320465697707,0.24914891218577387,0.07283132603822252
ISIC_0011321.jpg,1300,0.292320465697707,0.24914891218577387,0.07283132603822252
ISIC_0011321.jpg,1350,0.29171987680288464,0.24526456660490015,0.07154854915409437
ISIC_0011321.jpg,1400,0.2927532574355523,0.24627260298707665,0.07209710674159922
ISIC_0011321.jpg,1450,0.2948887872537032,0.24580408320989244,0.07248486799977354
ISIC_0011321.jpg,1500,0.2948887872537032,0.24580408320989244,0.07248486799977354
ISIC_0011321.jpg,1550,0.2948887872537032,0.24580408320989244,0.07248486799977354
ISIC_0000539.jpg,200,0.44538334771061167,0.23278015582591788,0.10367640508234514
ISIC_0000539.jpg,250,0.4685725063151809,0.23489676870518655,0.11006616763752661
ISIC_0000539.jpg,300,0.4584682169392166,0.23166446115829697,0.10621079243542882
ISIC_0000539.jpg,350,0.46951553209843333,0.22959173339454744,0.10779688487014259
ISIC_0000539.jpg,400,0.42398748403812914,0.2247660585765019,0.09529799567301779
ISIC_0000539.jpg,450,0.4632575511630136,0.2293790593731855,0.10626158133329741
ISIC_0000539.jpg,500,0.44661082717274686,0.22796123256410603,0.1018099546387743
ISIC_0000539.jpg,550,0.4689064301990867,0.23181299539543865,0.10869860414463245
ISIC_0000539.jpg,600,0.46408926898496417,0.226379680516359,0.10506038044388678
ISIC_0000539.jpg,650,0.4502963574469664,0.23359203046302174,0.1051856404461395
ISIC_0000539.jpg,700,0.4466139190605608,0.22784308033001607,0.10175789103701866
ISIC_0000539.jpg,750,0.44414040880940675,0.22953940883373616,0.10194772687728514
ISIC_0000539.jpg,800,0.4699700396070829,0.22913093968159662,0.10768467679736808
ISIC_0000539.jpg,850,0.44278925383471385,0.22948202060574963,0.1016121726725023
ISIC_0000539.jpg,900,0.4466541136021421,0.2282312948134545,0.10194044668117269
ISIC_0000539.jpg,950,0.4492605750292956,0.23066185505759076,0.10362727764049727
ISIC_0000539.jpg,1000,0.44952956926910864,0.23273458282134032,0.10462107676970281
ISIC_0000539.jpg,1050,0.4404548785351872,0.23271601604169762,0.1025009045788386
ISIC_0000539.jpg,1100,0.4443753922832664,0.22777556476767896,0.1012178559461799
ISIC_0000539.jpg,1150,0.4443753922832664,0.22777556476767896,0.1012178559461799
ISIC_0000539.jpg,1200,0.4427397836296908,0.22713923059265162,0.10056357380640503
ISIC_0000539.jpg,1250,0.44277688628345807,0.22800511767962514,0.10095539606287786
ISIC_0000539.jpg,1300,0.4497738284064101,0.23085596229931,0.10383296997380653
ISIC_0000539.jpg,1350,0.4497738284064101,0.23085596229931,0.10383296997380653
ISIC_0000539.jpg,1400,0.4497738284064101,0.23085596229931,0.10383296997380653
ISIC_0000539.jpg,1450,0.4487504135399951,0.2307783194026223,0.10356186626799184
ISIC_0000539.jpg,1500,0.4487287703252975,0.22960186072889802,0.10302896062927862
ISIC_0000539.jpg,1550,0.4487287703252975,0.22960186072889802,0.10302896062927862
ISIC_0010498.jpg,200,0.21390600517173425,0.141527145900867,0.030273506403011647
ISIC_0010498.jpg,250,0.19010929854749248,0.14261907579266472,0.027113212458435156
ISIC_0010498.jpg,300,0.19225297278591136,0.1426730148892113,0.027429311248779467
ISIC_0010498.jpg,350,0.21682351697155547,0.1431845797751922,0.031045784162951423
ISIC_0010498.jpg,400,0.2099070433637421,0.14271005000352138,0.029955844654530966
ISIC_0010498.jpg,450,0.21448758495390619,0.14019713676928555,0.03007054528309654
ISIC_0010498.jpg,500,0.22275466946081307,0.1397323976410408,0.031126044049496943
ISIC_0010498.jpg,550,0.22544627837003856,0.14122827078198363,0.03183938804843427
ISIC_0010498.jpg,600,0.2143818431753295,0.14292283378114332,0.03064006053784275
ISIC_0010498.jpg,650,0.21701577475078584,0.14158785845027455,0.03072679879689093
ISIC_0010498.jpg,700,0.2162227114114605,0.14158605268337998,0.03061412020924631
ISIC_0010498.jpg,750,0.21847693387293685,0.1422992825755664,0.031089110949428376
ISIC_0010498.jpg,800,0.2099310755861459,0.1407721027013389,0.029552438932615475
ISIC_0010498.jpg,850,0.21111826737289358,0.14240590673751424,0.030064488294089878
ISIC_0010498.jpg,900,0.21136820248589308,0.1424543004137923,0.030110309414848695
ISIC_0010498.jpg,950,0.20748940178991993,0.14181074491125387,0.029424226629018994
ISIC_0010498.jpg,1000,0.20753265979024677,0.14085282136819052,0.029231560657501085
ISIC_0010498.jpg,1050,0.19115229699981737,0.1406747556435217,0.02689030267114719
ISIC_0010498.jpg,1100,0.19115229699981737,0.1406747556435217,0.02689030267114719
ISIC_0010498.jpg,1150,0.21872686898593635,0.14103436736036665,0.030848005592145334
ISIC_0010498.jpg,1200,0.21790016053524566,0.14084411125424923,0.030689954452744906
ISIC_0010498.jpg,1250,0.21024830092187605,0.1410427105364012,0.029653990247694335
ISIC_0010498.jpg,1300,0.21024830092187605,0.1410427105364012,0.029653990247694335
ISIC_0010498.jpg,1350,0.21388197294933045,0.14056217494961587,0.030063715300272797
ISIC_0010498.jpg,1400,0.21221894315898757,0.14085790702032333,0.029892716163439952
ISIC_0010498.jpg,1450,0.22011112499639518,0.1423276711644036,0.031327903818113866
ISIC_0010498.jpg,1500,0.22011112499639518,0.1423276711644036,0.031327903818113866
ISIC_0010498.jpg,1550,0.22011112499639518,0.1423276711644036,0.031327903818113866
ISIC_0002829.jpg,200,0.09940122437934945,0.17711834944901977,0.01760578079528204
ISIC_0002829.jpg,250,0.09948196282793477,0.17650305026969165,0.017558869885946567
ISIC_0002829.jpg,300,0.09971922115094967,0.17566070863314046,0.017516749051720668
ISIC_0002829.jpg,350,0.09990368992339359,0.17608564100095583,0.017591605278521494
ISIC_0002829.jpg,400,0.10028380742161463,0.17743505083880307,0.01779386246816293
ISIC_0002829.jpg,450,0.09984102930620481,0.17227835461042523,0.01720044825148421
ISIC_0002829.jpg,500,0.09941178137318604,0.17737414512243918,0.017633079736167696
ISIC_0002829.jpg,550,0.09959667125366377,0.17359685648935547,0.017289669046439783
ISIC_0002829.jpg,600,0.09965507786784754,0.1738414549031182,0.01732418372503015
ISIC_0002829.jpg,650,0.09981498254333201,0.17512141078875051,0.017479740560842807
ISIC_0002829.jpg,700,0.09969165774937991,0.174536465191352,0.017399829552642822
ISIC_0002829.jpg,750,0.09957175142508198,0.17783044878189355,0.01770688924192148
ISIC_0002829.jpg,800,0.09963957948879636,0.1765273390446155,0.01758910983068167
ISIC_0002829.jpg,850,0.09967470322853954,0.17648059939875466,0.017590651370665643
ISIC_0002829.jpg,900,0.0991776793686036,0.1772050741759279,0.017574788029109795
ISIC_0002829.jpg,950,0.09951728275167163,0.17679737670872775,0.017594394527676263
ISIC_0002829.jpg,1000,0.09943223114843541,0.17770841992010888,0.01766994468651949
ISIC_0002829.jpg,1050,0.09943748390111933,0.17673385401228398,0.01757396976312926
ISIC_0002829.jpg,1100,0.09961044403971656,0.17689787784437755,0.017620876161761986
ISIC_0002829.jpg,1150,0.09940714445001897,0.17426828393706797,0.017323512474389038
ISIC_0002829.jpg,1200,0.09938727955668916,0.17404420133521328,0.017297779693323537
ISIC_0002829.jpg,1250,0.0994390176562136,0.17360487500696256,0.017263098231022105
ISIC_0002829.jpg,1300,0.09920847047580833,0.17881451423296962,0.017739914455927576
ISIC_0002829.jpg,1350,0.09947528557445187,0.17639991388589882,0.017547431809108505
ISIC_0002829.jpg,1400,0.09920324188974566,0.17825399706396344,0.017683374388550378
ISIC_0002829.jpg,1450,0.09950760567010757,0.17464836322935634,0.017378840459156504
ISIC_0002829.jpg,1500,0.09941070832770345,0.17773915318246902,0.01766917511543543
ISIC_0002829.jpg,1550,0.09937638309904748,0.17477877160948294,0.0173688821650449
ISIC_0003728.jpg,200,0.05723446589356093,0.0,0.0
ISIC_0003728.jpg,250,0.05732836601991533,0.0,0.0
ISIC_0003728.jpg,300,0.0571988597205218,0.0,0.0
ISIC_0003728.jpg,350,0.05724115976790201,0.0,0.0
ISIC_0003728.jpg,400,0.05717078029709184,0.0,0.0
ISIC_0003728.jpg,450,0.05724254824335266,0.0,0.0
ISIC_0003728.jpg,500,0.05712860560705712,0.0,0.0
ISIC_0003728.jpg,550,0.05722236278147931,0.0,0.0
ISIC_0003728.jpg,600,0.05721410332984638,0.0,0.0
ISIC_0003728.jpg,650,0.057178253991925804,0.0,0.0
ISIC_0003728.jpg,700,0.057252129483424896,0.0,0.0
ISIC_0003728.jpg,750,0.057219512571041804,0.0,0.0
ISIC_0003728.jpg,800,0.057187545143884654,0.0,0.0
ISIC_0003728.jpg,850,0.057160292500931784,0.0,0.0
ISIC_0003728.jpg,900,0.05723467034564082,0.0,0.0
ISIC_0003728.jpg,950,0.057253669240182964,0.0,0.0
ISIC_0003728.jpg,1000,0.057167817131491015,0.0,0.0
ISIC_0003728.jpg,1050,0.05718607339603268,0.0,0.0
ISIC_0003728.jpg,1100,0.05720721152427723,0.0,0.0
ISIC_0003728.jpg,1150,0.05723258285098066,0.0,0.0
ISIC_0003728.jpg,1200,0.057207028768883034,0.0,0.0
ISIC_0003728.jpg,1250,0.05721702827959855,0.0,0.0
ISIC_0003728.jpg,1300,0.05716452150739447,0.0,0.0
ISIC_0003728.jpg,1350,0.057187888920720055,0.0,0.0
ISIC_0003728.jpg,1400,0.057177953288318324,0.0,0.0
ISIC_0003728.jpg,1450,0.05722546069067415,0.0,0.0
ISIC_0003728.jpg,1500,0.05718724434254412,0.0,0.0
ISIC_0003728.jpg,1550,0.05721170552427181,0.0,0.0
ISIC_0010254.jpg,200,0.0,0.0,0.0
ISIC_0010254.jpg,250,0.0,0.0,0.0
ISIC_0010254.jpg,300,0.0,0.0,0.0
ISIC_0010254.jpg,350,0.0,0.0,0.0
ISIC_0010254.jpg,400,0.0,0.0,0.0
ISIC_0010254.jpg,450,0.0,0.0,0.0
ISIC_0010254.jpg,500,0.0,0.0,0.0
ISIC_0010254.jpg,550,0.0,0.0,0.0
ISIC_0010254.jpg,600,0.0,0.0,0.0
ISIC_0010254.jpg,650,0.0,0.0,0.0
ISIC_0010254.jpg,700,0.0,0.0,0.0
ISIC_0010254.jpg,750,0.0,0.0,0.0
ISIC_0010254.jpg,800,0.0,0.0,0.0
ISIC_0010254.jpg,850,0.0,0.0,0.0
ISIC_0010254.jpg,900,0.0,0.0,0.0
ISIC_0010254.jpg,950,0.0,0.0,0.0
ISIC_0010254.jpg,1000,0.0,0.0,0.0
ISIC_0010254.jpg,1050,0.0,0.0,0.0
ISIC_0010254.jpg,1100,0.0,0.0,0.0
ISIC_0010254.jpg,1150,0.0,0.0,0.0
ISIC_0010254.jpg,1200,0.0,0.0,0.0
ISIC_0010254.jpg,1250,0.0,0.0,0.0
ISIC_0010254.jpg,1300,0.0,0.0,0.0
ISIC_0010254.jpg,1350,0.0,0.0,0.0
ISIC_0010254.jpg,1400,0.0,0.0,0.0
ISIC_0010254.jpg,1450,0.0,0.0,0.0
ISIC_0010254.jpg,1500,0.0,0.0,0.0
ISIC_0010254.jpg,1550,0.0,0.0,0.0
ISIC_0011305.jpg,200,0.21023655856713477,0.21397947393461564,0.04498630820401951
ISIC_0011305.jpg,250,0.19108263606870166,0.21583684412102644,0.04124267313539518
ISIC_0011305.jpg,300,0.20984845950556988,0.2131488906491152,0.044728966348037996
ISIC_0011305.jpg,350,0.19208903154730736,0.22627243290401597,0.04346445250238551
ISIC_0011305.jpg,400,0.19181946857106094,0.2226932984248976,0.04271691015820054
ISIC_0011305.jpg,450,0.20220951853463623,0.22312634419649585,0.04511827063236695
ISIC_0011305.jpg,500,0.19011840439952973,0.22117641149567058,0.0420497064443707
ISIC_0011305.jpg,550,0.1938184684807133,0.2280534748375745,0.04420097522472358
ISIC_0011305.jpg,600,0.1939236028759038,0.22121111163119825,0.042898055763705714
ISIC_0011305.jpg,650,0.19943198402209097,0.21400114142722304,0.04267867221782318
ISIC_0011305.jpg,700,0.1993724534283297,0.21255990989880058,0.04237859073702858
ISIC_0011305.jpg,750,0.19053780780409776,0.21649108950541748,0.04124973760348296
ISIC_0011305.jpg,800,0.19504439410508775,0.2189108747175219,0.04269733892229383
ISIC_0011305.jpg,850,0.2036790852712163,0.21632560405731624,0.04406100115513749
ISIC_0011305.jpg,900,0.2001002248465307,0.21728256163775395,0.04347828943894473
ISIC_0011305.jpg,950,0.1922993499759376,0.21604206559071154,0.041544748780552705
ISIC_0011305.jpg,1000,0.19579568140774273,0.2165221023932808,0.042394092577929456
ISIC_0011305.jpg,1050,0.20375126953444944,0.21604029274680828,0.0440184839177563
ISIC_0011305.jpg,1100,0.20375126953444944,0.21604029274680828,0.0440184839177563
ISIC_0011305.jpg,1150,0.19705358072238993,0.2183080712972495,0.04301838714972181
ISIC_0011305.jpg,1200,0.20283716050064482,0.21838451618665877,0.04429649516060897
ISIC_0011305.jpg,1250,0.19341929746554024,0.21762037091125558,0.04209197925584534
ISIC_0011305.jpg,1300,0.19341929746554024,0.21762037091125558,0.04209197925584534
ISIC_0011305.jpg,1350,0.19524616895810573,0.2198724020727698,0.04292924416432457
ISIC_0011305.jpg,1400,0.19463312341667047,0.2222792765388619,0.043262909863556534
ISIC_0011305.jpg,1450,0.2014690211847975,0.22066023841942925,0.04445620224876646
ISIC_0011305.jpg,1500,0.2014690211847975,0.22066023841942925,0.04445620224876646
ISIC_0011305.jpg,1550,0.2014690211847975,0.22066023841942925,0.04445620224876646
ISIC_0010847.jpg,200,0.125336575057658,0.4041675695196822,0.050656978912974854
ISIC_0010847.jpg,250,0.15238364228270726,0.18345944369145828,0.027956218240863653
ISIC_0010847.jpg,300,0.147248328741861,0.4129974613065617,0.06081318595202261
ISIC_0010847.jpg,350,0.15364335788973385,0.17771711635373594,0.027305054511068523
ISIC_0010847.jpg,400,0.15203396305238417,0.18297548347799605,0.027818487894585783
ISIC_0010847.jpg,450,0.14704069339338946,0.17941323613493426,0.02638104664523265
ISIC_0010847.jpg,500,0.14865152280504526,0.4068661208916284,0.0604812684483222
ISIC_0010847.jpg,550,0.14948139684407213,0.40834173991976597,0.06103949367294543
ISIC_0010847.jpg,600,0.14973491633267197,0.18202381186165625,0.027255320239659122
ISIC_0010847.jpg,650,0.15264935402512322,0.4120591249407904,0.06290055924236919
ISIC_0010847.jpg,700,0.15758010298622815,0.40736163256507446,0.06419208801224247
ISIC_0010847.jpg,750,0.14820109512460758,0.40882960898369525,0.06058899577074874
ISIC_0010847.jpg,800,0.1545812731621763,0.40475467371595236,0.06256749278135317
ISIC_0010847.jpg,850,0.14786989984937074,0.40670261582121575,0.060139075069960274
ISIC_0010847.jpg,900,0.14671259491472927,0.4052099889550389,0.05944940896496254
ISIC_0010847.jpg,950,0.15440371219220303,0.18335794662355304,0.02831114761861641
ISIC_0010847.jpg,1000,0.1542034528632763,0.1800514756533829,0.02776455923887977
ISIC_0010847.jpg,1050,0.15207465510534723,0.18370268845924861,0.027936522989365286
ISIC_0010847.jpg,1100,0.15207465510534723,0.18370268845924861,0.027936522989365286
ISIC_0010847.jpg,1150,0.1535842921178317,0.18426860815914123,0.028300763743659814
ISIC_0010847.jpg,1200,0.15457558495011706,0.18483608540657379,0.028571146021610937
ISIC_0010847.jpg,1250,0.15033116686791448,0.18390831494328183,0.02764715158213547
ISIC_0010847.jpg,1300,0.15033116686791448,0.18390831494328183,0.02764715158213547
ISIC_0010847.jpg,1350,0.15076071135098618,0.18532451084101523,0.027939655085165004
ISIC_0010847.jpg,1400,0.149748291198989,0.1846190959695248,0.027646394144138497
ISIC_0010847.jpg,1450,0.1495990234463576,0.18556193867400925,0.027759884814444677
ISIC_0010847.jpg,1500,0.1495990234463576,0.18556193867400925,0.027759884814444677
ISIC_0010847.jpg,1550,0.1495990234463576,0.18556193867400925,0.027759884814444677
ISIC_0010483.jpg,200,0.1996275737736028,0.19068967487228522,0.038066917138431446
ISIC_0010483.jpg,250,0.18787688239656897,0.1947023384423813,0.03658006834187624
ISIC_0010483.jpg,300,0.20717025842426653,0.19111784716719046,0.03959393378711632
ISIC_0010483.jpg,350,0.19997080028684425,0.18295698972848964,0.03658605565407802
ISIC_0010483.jpg,400,0.20096236438084278,0.18848006681680562,0.037877399866164486
ISIC_0010483.jpg,450,0.18442276807008792,0.19281596076925636,0.035559653213159736
ISIC_0010483.jpg,500,0.18478786316247442,0.18815307658094038,0.03476840496883738
ISIC_0010483.jpg,550,0.20003677639568337,0.19411840301576422,0.03883081957835158
ISIC_0010483.jpg,600,0.19196880141368594,0.19113611374234363,0.036692170661987655
ISIC_0010483.jpg,650,0.18864798468877653,0.1930574156212756,0.03641989238617716
ISIC_0010483.jpg,700,0.20137936058865671,0.1938530156749018,0.03903799634479457
ISIC_0010483.jpg,750,0.1976111728116317,0.1889126034620555,0.0373312411290355
ISIC_0010483.jpg,800,0.18800610875033927,0.19295767758660748,0.03627722211656063
ISIC_0010483.jpg,850,0.19876206095283053,0.19310137571791106,0.038381227410518866
ISIC_0010483.jpg,900,0.19235675039246466,0.19210584398067537,0.036952855879524536
ISIC_0010483.jpg,950,0.1945560219037938,0.19109445641290165,0.037178577247562065
ISIC_0010483.jpg,1000,0.1928830785656942,0.19514149731442623,0.03763949275792568
ISIC_0010483.jpg,1050,0.1981314039699527,0.1888746962902444,0.03742200875038454
ISIC_0010483.jpg,1100,0.1981314039699527,0.1888746962902444,0.03742200875038454
ISIC_0010483.jpg,1150,0.19327492265592647,0.1947526420585082,0.03764080183089551
ISIC_0010483.jpg,1200,0.1991356261216716,0.19563972099605756,0.038958838334819064
ISIC_0010483.jpg,1250,0.19616868888380154,0.19190597351178368,0.03764594321277615
ISIC_0010483.jpg,1300,0.19616868888380154,0.19190597351178368,0.03764594321277615
ISIC_0010483.jpg,1350,0.18477244452395086,0.19347198805411145,0.03574829217966679
ISIC_0010483.jpg,1400,0.1820551273928769,0.19300774197496864,0.03513804905306443
ISIC_0010483.jpg,1450,0.18993886392161627,0.19229156028886132,0.0365236405029813
ISIC_0010483.jpg,1500,0.18993886392161627,0.19229156028886132,0.0365236405029813
ISIC_0010483.jpg,1550,0.18993886392161627,0.19229156028886132,0.0365236405029813
ISIC_0010336.jpg,200,0.41848824373304494,0.1292956747500999,0.05410871984844831
ISIC_0010336.jpg,250,0.43138639481928737,0.12272215928394008,0.052940669857937245
ISIC_0010336.jpg,300,0.42463788195018615,0.11900936104716349,0.050535883007312495
ISIC_0010336.jpg,350,0.39581145280733665,0.12081110664283984,0.04781841963556452
ISIC_0010336.jpg,400,0.427654601279089,0.12357258296030876,0.05284638369491799
ISIC_0010336.jpg,450,0.4012236707440794,0.12073426060517156,0.04844144322457923
ISIC_0010336.jpg,500,0.4390913194459963,0.1235219302446864,0.05423740733165566
ISIC_0010336.jpg,550,0.42834286020746093,0.12385073228384184,0.053050576905249336
ISIC_0010336.jpg,600,0.42969256278128115,0.12349065132497813,0.05306301444735947
ISIC_0010336.jpg,650,0.4371695575031396,0.11848593309471916,0.051798442941364986
ISIC_0010336.jpg,700,0.4460092016623506,0.12122598109156854,0.05406790304738569
ISIC_0010336.jpg,750,0.4216256318351039,0.11960851804120273,0.050430016991982525
ISIC_0010336.jpg,800,0.4249551961314485,0.12071872954594838,0.05130005139093778
ISIC_0010336.jpg,850,0.42201445343749583,0.12007087753713921,0.0506716457575963
ISIC_0010336.jpg,900,0.41901114175005477,0.12112557793768836,0.05075296670680604
ISIC_0010336.jpg,950,0.42435632147948854,0.1210069777863133,0.05135007596675009
ISIC_0010336.jpg,1000,0.42066475086367555,0.12161236708784717,0.05115803610295109
ISIC_0010336.jpg,1050,0.41787596143962313,0.12347490357799402,0.05159719404631902
ISIC_0010336.jpg,1100,0.41787596143962313,0.12347490357799402,0.05159719404631902
ISIC_0010336.jpg,1150,0.4128480958914517,0.12258917129431866,0.050610705945770475
ISIC_0010336.jpg,1200,0.41330395570115264,0.12240239357794488,0.05058939345305398
ISIC_0010336.jpg,1250,0.4238334234624787,0.12159551128920912,0.05153624182737598
ISIC_0010336.jpg,1300,0.4238334234624787,0.12159551128920912,0.05153624182737598
ISIC_0010336.jpg,1350,0.42335968679749547,0.12196626379639999,0.05163559924070461
ISIC_0010336.jpg,1400,0.42400772280148197,0.1228469022840074,0.05208803529065815
ISIC_0010336.jpg,1450,0.4191988487305198,0.12336571812130791,0.051714767009266104
ISIC_0010336.jpg,1500,0.4191988487305198,0.12336571812130791,0.051714767009266104
ISIC_0010336.jpg,1550,0.4191988487305198,0.12336571812130791,0.051714767009266104
ISIC_0000420.jpg,200,0.1749898233216538,0.20861464734240534,0.036505440280756626
ISIC_0000420.jpg,250,0.14731137492915597,0.21617381691894408,0.03184486219401329
ISIC_0000420.jpg,300,0.14073383249653043,0.2017618745986275,0.02839472186394922
ISIC_0000420.jpg,350,0.17939921568293313,0.21119364676585983,0.03788797458701368
ISIC_0000420.jpg,400,0.16585805908219675,0.2121422930435144,0.035185508973443906
ISIC_0000420.jpg,450,0.15243511577519508,0.2147574033445962,0.03273656964241379
ISIC_0000420.jpg,500,0.15423680591953595,0.21090123547881978,0.032528732924737076
ISIC_0000420.jpg,550,0.154136603053594,0.20864926272229642,0.03216048858565165
ISIC_0000420.jpg,600,0.1660877621722353,0.2086553425182658,0.03465509890414003
ISIC_0000420.jpg,650,0.1544727415662895,0.20948205218811183,0.03235926691043017
ISIC_0000420.jpg,700,0.15499813743452512,0.20862872023198312,0.03233706305130601
ISIC_0000420.jpg,750,0.15754511831329474,0.2067450544495881,0.03257167406394892
ISIC_0000420.jpg,800,0.15737613965744898,0.20814863231145753,0.032757628228154936
ISIC_0000420.jpg,850,0.16691586467384564,0.20868631716958844,0.03483305707596225
ISIC_0000420.jpg,900,0.14502078523161954,0.20863888379771692,0.03025697475819353
ISIC_0000420.jpg,950,0.16673109872287278,0.20726319640026203,0.03455722046063026
ISIC_0000420.jpg,1000,0.1506841814928803,0.20418951122003423,0.030768129367622157
ISIC_0000420.jpg,1050,0.1631191929035759,0.2090615093132118,0.03410194466637453
ISIC_0000420.jpg,1100,0.16784033292410175,0.20659730894834236,0.03467536111511329
ISIC_0000420.jpg,1150,0.16900741540550587,0.20557753449923072,0.0347441277711512
ISIC_0000420.jpg,1200,0.1697508809382383,0.20799040942378358,0.035306555226392124
ISIC_0000420.jpg,1250,0.15293286937659578,0.20770112813869085,0.03176432949900599
ISIC_0000420.jpg,1300,0.15805477567697393,0.20734153373960576,0.03277131960373311
ISIC_0000420.jpg,1350,0.1680469580365896,0.20691312180200697,0.03477112069668162
ISIC_0000420.jpg,1400,0.15375194011655285,0.20717945207354974,0.03185424270859265
ISIC_0000420.jpg,1450,0.15710936134313272,0.2078425910261574,0.032654016736021516
ISIC_0000420.jpg,1500,0.1606126581208961,0.2065104647537494,0.03316819467388132
ISIC_0000420.jpg,1550,0.16761837933267518,0.20756797351789294,0.034792207322436854
